{"cameraMode":{"drawMode":0,"name":"Shaded","section":"Shading Mode"},"sceneLighting":false,"audioPlay":false,"sceneViewState":{"m_AlwaysRefresh":false,"showFog":true,"showSkybox":false,"showFlares":true,"showImageEffects":true,"showParticleSystems":true,"showVisualEffectGraphs":true,"m_FxEnabled":true},"in2DMode":false,"pivot":{"x":2.9772112369537355,"y":-35.769996643066409,"z":62.511871337890628},"rotation":{"x":-0.2147873193025589,"y":0.0345635786652565,"z":-0.007606826722621918,"w":-0.9760305881500244},"size":58.440269470214847,"orthographic":false}