{"cameraMode":{"drawMode":0,"name":"Shaded","section":"Shading Mode"},"sceneLighting":false,"audioPlay":false,"sceneViewState":{"m_AlwaysRefresh":false,"showFog":true,"showSkybox":false,"showFlares":true,"showImageEffects":true,"showParticleSystems":true,"showVisualEffectGraphs":true,"m_FxEnabled":true},"in2DMode":false,"pivot":{"x":9.000863075256348,"y":5.7888569831848148,"z":-0.16567230224609376},"rotation":{"x":-0.2147873193025589,"y":0.0345635786652565,"z":-0.007606826722621918,"w":-0.9760305881500244},"size":13.719504356384278,"orthographic":false}