{"cameraMode":{"drawMode":0,"name":"Shaded","section":"Shading Mode"},"sceneLighting":false,"audioPlay":false,"sceneViewState":{"m_AlwaysRefresh":false,"showFog":true,"showSkybox":false,"showFlares":true,"showImageEffects":true,"showParticleSystems":true,"showVisualEffectGraphs":true,"m_FxEnabled":true},"in2DMode":false,"pivot":{"x":2.384185791015625e-7,"y":0.9898731708526611,"z":-0.003238201141357422},"rotation":{"x":-0.1329823136329651,"y":-0.04429096728563309,"z":0.005939935799688101,"w":-0.9901224374771118},"size":1.60664963722229,"orthographic":false}