{"cameraMode":{"drawMode":0,"name":"Shaded","section":"Shading Mode"},"sceneLighting":false,"audioPlay":false,"sceneViewState":{"m_AlwaysRefresh":false,"showFog":true,"showSkybox":true,"showFlares":true,"showImageEffects":true,"showParticleSystems":true,"showVisualEffectGraphs":true,"m_FxEnabled":true},"in2DMode":false,"pivot":{"x":-323.0003356933594,"y":70.91000366210938,"z":45.00111770629883},"rotation":{"x":0.11901357024908066,"y":-0.25027334690093996,"z":0.031067823991179467,"w":0.9603774547576904},"size":1.8034216165542603,"orthographic":false}