{"cameraMode":{"drawMode":0,"name":"Shaded","section":"Shading Mode"},"sceneLighting":false,"audioPlay":false,"sceneViewState":{"m_AlwaysRefresh":false,"showFog":true,"showSkybox":true,"showFlares":true,"showImageEffects":true,"showParticleSystems":true,"showVisualEffectGraphs":true,"m_FxEnabled":true},"in2DMode":false,"pivot":{"x":-325.4802551269531,"y":74.72074127197266,"z":-35.877567291259769},"rotation":{"x":0.2712143063545227,"y":0.032630953937768939,"z":-0.00920369103550911,"w":0.9619458913803101},"size":0.8967152237892151,"orthographic":false}