{"cameraMode":{"drawMode":0,"name":"Shaded","section":"Shading Mode"},"sceneLighting":false,"audioPlay":false,"sceneViewState":{"m_AlwaysRefresh":false,"showFog":true,"showSkybox":true,"showFlares":true,"showImageEffects":true,"showParticleSystems":true,"showVisualEffectGraphs":true,"m_FxEnabled":true},"in2DMode":false,"pivot":{"x":11.869874954223633,"y":0.36762768030166628,"z":1.1540144681930543},"rotation":{"x":-0.016932938247919084,"y":0.7040145993232727,"z":-0.01659509725868702,"w":-0.7098777890205383},"size":3.701418876647949,"orthographic":false}