{"cameraMode":{"drawMode":0,"name":"Shaded","section":"Shading Mode"},"sceneLighting":false,"audioPlay":false,"sceneViewState":{"m_AlwaysRefresh":false,"showFog":true,"showSkybox":true,"showFlares":true,"showImageEffects":true,"showParticleSystems":true,"showVisualEffectGraphs":true,"m_FxEnabled":true},"in2DMode":false,"pivot":{"x":114.89852905273438,"y":-145.19943237304688,"z":417.532470703125},"rotation":{"x":0.17425425350666047,"y":0.10467609018087387,"z":-0.018359974026679994,"w":0.9790611267089844},"size":252.93942260742188,"orthographic":false}