{"cameraMode":{"drawMode":0,"name":"Shaded","section":"Shading Mode"},"sceneLighting":false,"audioPlay":false,"sceneViewState":{"m_AlwaysRefresh":false,"showFog":true,"showSkybox":true,"showFlares":true,"showImageEffects":true,"showParticleSystems":true,"showVisualEffectGraphs":true,"m_FxEnabled":false},"in2DMode":false,"pivot":{"x":1.6478031873703004,"y":1.0046368837356568,"z":1.1976979970932007},"rotation":{"x":0.3336687684059143,"y":-0.6537203192710877,"z":0.39454346895217898,"w":0.5528724193572998},"size":0.8660253882408142,"orthographic":false}