{"cameraMode":{"drawMode":0,"name":"Shaded","section":"Shading Mode"},"sceneLighting":true,"audioPlay":false,"sceneViewState":{"m_AlwaysRefresh":false,"showFog":true,"showSkybox":true,"showFlares":true,"showImageEffects":true,"showParticleSystems":true,"showVisualEffectGraphs":true,"m_FxEnabled":true},"in2DMode":false,"pivot":{"x":-2.2698023319244386,"y":3.3915178775787355,"z":3.3218960762023927},"rotation":{"x":0.066604845225811,"y":0.9308732748031616,"z":-0.2160041630268097,"w":0.28703731298446658},"size":0.8967161774635315,"orthographic":false}