{"cameraMode":{"drawMode":0,"name":"Shaded","section":"Shading Mode"},"sceneLighting":false,"audioPlay":false,"sceneViewState":{"m_AlwaysRefresh":false,"showFog":true,"showSkybox":false,"showFlares":true,"showImageEffects":true,"showParticleSystems":true,"showVisualEffectGraphs":true,"m_FxEnabled":true},"in2DMode":false,"pivot":{"x":13.002917289733887,"y":9.599957466125489,"z":-3.255748748779297},"rotation":{"x":-0.22035247087478639,"y":-0.06053171306848526,"z":0.013701669871807099,"w":-0.9734552502632141},"size":15.809277534484864,"orthographic":false}